<?xml version="1.0" encoding="UTF-8" ?>
<!DOCTYPE mapper
        PUBLIC "-//mybatis.org//DTD Mapper 3.0//EN"
        "http://mybatis.org/dtd/mybatis-3-mapper.dtd">
        
  <!-- namespace：命名空间，填写对应接口的全限定类名 -->      
<mapper namespace="com.springLearn.dao.StudentMapper">
	<!-- type：返回的类型，这里启用了别名，所以不用写全限定类名 -->
	<resultMap type="student" id="studentMapper">
		<!-- 对应的是数据库表中的主键 -->
		<id column="Sno" property="no" />
		<!-- 数据库表中的其他信息 -->
		<result column="Sname" property="name"/>
		<result column="Ssex" property="sex"/>
		<result column="Sage" property="age"/>
		<result column="Sdept" property="dept"/>
	</resultMap>
	<!-- id：findAllStudents 对应接口的方法-->
	<select id="findAllStudents" resultMap="studentMapper">
		select * from student
	</select>
	
	<select id="findStudentById" resultMap="studentMapper" >
		select * from student where Sno = #{id}
	</select>
</mapper>

