<?xml version="1.0" encoding="UTF-8"?>

<beans xmlns="http://www.springframework.org/schema/beans"
       xmlns:xsi="http://www.w3.org/2001/XMLSchema-instance"
       xmlns:context="http://www.springframework.org/schema/context" 
       xmlns:tx="http://www.springframework.org/schema/tx"
       xmlns:mvc="http://www.springframework.org/schema/mvc"
       xsi:schemaLocation="http://www.springframework.org/schema/beans
        http://www.springframework.org/schema/beans/spring-beans.xsd
        http://www.springframework.org/schema/context
        http://www.springframework.org/schema/context/spring-context.xsd 
        http://www.springframework.org/schema/mvc
        http://www.springframework.org/schema/mvc/spring-mvc.xsd
        http://www.springframework.org/schema/tx 
        http://www.springframework.org/schema/tx/spring-tx.xsd">

   		<!-- 1.开启SpringMVC注解驱动 -->
		<mvc:annotation-driven/>
		
		<!-- 2.静态资源默认servlet配置-->
		<mvc:default-servlet-handler/>
		
		<!-- 3.配置jsp 显示ViewResolver视图解析器 -->
		<bean class="org.springframework.web.servlet.view.InternalResourceViewResolver">
		    <property name="viewClass" value="org.springframework.web.servlet.view.JstlView" />
		    <!-- /WEB-INF/jsp/+视图名+.jsp -->
		    <!-- 前缀 -->
		    <property name="prefix" value="/WEB-INF/jsp/" />
		    <!-- 后缀 -->
		    <property name="suffix" value=".jsp" />
		</bean>
		
		<context:component-scan base-package="com.springLearn.controller"></context:component-scan>
		

</beans>