<?xml version="1.0" encoding="UTF-8"?>

<beans xmlns="http://www.springframework.org/schema/beans"
       xmlns:xsi="http://www.w3.org/2001/XMLSchema-instance"
       xmlns:context="http://www.springframework.org/schema/context" 
       xmlns:tx="http://www.springframework.org/schema/tx"
       xmlns:mvc="http://www.springframework.org/schema/mvc"
       xsi:schemaLocation="http://www.springframework.org/schema/beans
        http://www.springframework.org/schema/beans/spring-beans.xsd
        http://www.springframework.org/schema/context
        http://www.springframework.org/schema/context/spring-context.xsd 
        http://www.springframework.org/schema/mvc
        http://www.springframework.org/schema/mvc/spring-mvc.xsd
        http://www.springframework.org/schema/tx 
        http://www.springframework.org/schema/tx/spring-tx.xsd">
        
        <!-- 数据库连接池 -->
		<bean id="dataSource" class="com.alibaba.druid.pool.DruidDataSource">
		    <property name="driverClassName" value="com.mysql.cj.jdbc.Driver"/>
		    <property name="url" value="jdbc:mysql://localhost:3306/ssmlearn?serverTimezone=UTC"/>
		    <property name="username" value="root"/>
		    <property name="password" value="root"/>
		    <!-- 初始创建五个连接 -->
		    <property name="initialSize" value="5"/>
		    <!-- 最大连接数 -->
		    <property name="maxActive" value="10"/>
		    <!-- 最大等待时间(毫秒) -->
		    <property name="maxWait" value="3000"/>
		</bean>
		
		<!-- 配置SqlSessionFactory对象 -->
		<bean id="sqlSessionFactory" class="org.mybatis.spring.SqlSessionFactoryBean">
		    <property name="dataSource" ref="dataSource" />
		    <!-- mybatis配置文件的位置 -->
		    <property name="configLocation" value="classpath:mybatis-config.xml"/>
		</bean>
		
		<!--在此不使用 MapperScannerConfigurer 官方文档已经指出：MapperScannerConfigurer 经常会产生错误-->
		<!--官方文档 : http://mybatis.org/spring/zh/mappers.html -->
		<!--sqlSessionTemplate 解释 ：http://mybatis.org/spring/zh/sqlsession.html-->
		<bean id="sqlSessionTemplate" class="org.mybatis.spring.SqlSessionTemplate">
			<!-- 构造器注入 -->
			<!-- index：第一个参数 -->
			<!-- ref：引用 -->
		    <constructor-arg index="0" ref="sqlSessionFactory"/>
		</bean>
		
		<!-- 扫描包，里面的内容都注册到spring容器中 -->
		<context:component-scan base-package="com.springLearn.dao"></context:component-scan>
		
		
</beans>